Repetition,Algorithm,MCC,AUC,BA,F1,Recall,Specificity,Precision,PRAUC,Best_Params
0,LR_ElasticNet,0.7145252027247703,0.9247491638795986,0.8578595317725752,0.851063829787234,0.8695652173913043,0.8461538461538461,0.8333333333333334,0.9283655806367915,"{'classifier__C': 1.0, 'classifier__l1_ratio': 0.8}"
0,GNB,0.5359891902758825,0.9030100334448161,0.7474916387959867,0.7719298245614035,0.9565217391304348,0.5384615384615384,0.6470588235294118,0.8968942144646054,default
0,LDA,0.7953064913108095,0.9314381270903009,0.8963210702341138,0.8888888888888888,0.8695652173913043,0.9230769230769231,0.9090909090909091,0.935986821733666,default
0,RF,0.7207357859531772,0.951505016722408,0.8603678929765886,0.8571428571428571,0.9130434782608695,0.8076923076923077,0.8076923076923077,0.9568888459620725,"{'classifier__max_depth': 5, 'classifier__n_estimators': 100}"
0,LightGBM,0.6722408026755853,0.9113712374581939,0.8361204013377926,0.8260869565217391,0.8260869565217391,0.8461538461538461,0.8260869565217391,0.9046518473433851,"{'classifier__learning_rate': 0.01, 'classifier__n_estimators': 50}"
0,XGBoost,0.6327220837212335,0.9130434782608696,0.8168896321070234,0.8085106382978723,0.8260869565217391,0.8076923076923077,0.7916666666666666,0.920474153730566,"{'classifier__learning_rate': 0.1, 'classifier__n_estimators': 100}"
0,CatBoost,0.6327220837212335,0.9264214046822743,0.8168896321070234,0.8085106382978723,0.8260869565217391,0.8076923076923077,0.7916666666666666,0.92803458618676,"{'classifier__depth': 4, 'classifier__learning_rate': 0.01}"
0,LR_ElasticNet,0.6838936797839589,0.9040404040404041,0.8223905723905723,0.7894736842105263,0.6818181818181818,0.9629629629629629,0.9375,0.9160272044996467,"{'classifier__C': 0.1, 'classifier__l1_ratio': 0.2}"
0,GNB,0.4500904011951776,0.8417508417508417,0.7239057239057239,0.72,0.8181818181818182,0.6296296296296297,0.6428571428571429,0.8250943119734344,default
0,LDA,0.6838936797839589,0.8905723905723907,0.8223905723905723,0.7894736842105263,0.6818181818181818,0.9629629629629629,0.9375,0.9067197284583433,default
0,RF,0.6350596644266268,0.8636363636363636,0.8038720538720538,0.7692307692307693,0.6818181818181818,0.9259259259259259,0.8823529411764706,0.8827478349474916,"{'classifier__max_depth': 10, 'classifier__n_estimators': 100}"
0,LightGBM,0.5888292511776803,0.8367003367003367,0.7853535353535352,0.75,0.6818181818181818,0.8888888888888888,0.8333333333333334,0.849998597481989,"{'classifier__learning_rate': 0.1, 'classifier__n_estimators': 100}"
0,XGBoost,0.5888292511776803,0.8299663299663299,0.7853535353535352,0.75,0.6818181818181818,0.8888888888888888,0.8333333333333334,0.8553717660859608,"{'classifier__learning_rate': 0.1, 'classifier__n_estimators': 50}"
0,CatBoost,0.6350596644266268,0.8265993265993266,0.8038720538720538,0.7692307692307693,0.6818181818181818,0.9259259259259259,0.8823529411764706,0.8578293580583464,"{'classifier__depth': 6, 'classifier__learning_rate': 0.01}"
0,LR_ElasticNet,0.6693419514856722,0.8933566433566434,0.8251748251748252,0.8,0.7272727272727273,0.9230769230769231,0.8888888888888888,0.9064633399534515,"{'classifier__C': 0.1, 'classifier__l1_ratio': 0.2}"
0,GNB,0.6055996170430269,0.8968531468531469,0.7762237762237763,0.7222222222222222,0.5909090909090909,0.9615384615384616,0.9285714285714286,0.8278125208318767,default
0,LDA,0.6301918419601026,0.8898601398601399,0.8024475524475525,0.7692307692307693,0.6818181818181818,0.9230769230769231,0.8823529411764706,0.8985263883384067,default
0,RF,0.5829752480681661,0.8951048951048951,0.7832167832167831,0.75,0.6818181818181818,0.8846153846153846,0.8333333333333334,0.9049233593011434,"{'classifier__max_depth': 5, 'classifier__n_estimators': 200}"
0,LightGBM,0.6216038822203304,0.8968531468531468,0.8094405594405594,0.7906976744186046,0.7727272727272727,0.8461538461538461,0.8095238095238095,0.9109015167838697,"{'classifier__learning_rate': 0.1, 'classifier__n_estimators': 50}"
0,XGBoost,0.46382024385259374,0.8461538461538461,0.7325174825174825,0.723404255319149,0.7727272727272727,0.6923076923076923,0.68,0.87896031816777,"{'classifier__learning_rate': 0.1, 'classifier__n_estimators': 50}"
0,CatBoost,0.5853694070049635,0.8793706293706294,0.7937062937062938,0.782608695652174,0.8181818181818182,0.7692307692307693,0.75,0.8928773023164518,"{'classifier__depth': 6, 'classifier__learning_rate': 0.01}"
0,LR_ElasticNet,0.6242392755610096,0.9108391608391608,0.8129370629370629,0.8,0.8181818181818182,0.8076923076923077,0.782608695652174,0.8765967897458891,"{'classifier__C': 1.0, 'classifier__l1_ratio': 0.5}"
0,GNB,0.5617467761896284,0.8846153846153846,0.7657342657342657,0.7777777777777778,0.9545454545454546,0.5769230769230769,0.65625,0.8632498120774157,default
0,LDA,0.6242392755610096,0.8951048951048951,0.8129370629370629,0.8,0.8181818181818182,0.8076923076923077,0.782608695652174,0.8765559820204029,default
0,RF,0.5853694070049635,0.8863636363636364,0.7937062937062938,0.782608695652174,0.8181818181818182,0.7692307692307693,0.75,0.8562162641384425,"{'classifier__max_depth': 5, 'classifier__n_estimators': 100}"
0,LightGBM,0.6312140160700712,0.8863636363636364,0.8164335664335665,0.8085106382978723,0.8636363636363636,0.7692307692307693,0.76,0.8651474633857762,"{'classifier__learning_rate': 0.1, 'classifier__n_estimators': 50}"
0,XGBoost,0.6312140160700712,0.888111888111888,0.8164335664335665,0.8085106382978723,0.8636363636363636,0.7692307692307693,0.76,0.8873932944619843,"{'classifier__learning_rate': 0.1, 'classifier__n_estimators': 100}"
0,CatBoost,0.5853694070049635,0.8898601398601398,0.7937062937062938,0.782608695652174,0.8181818181818182,0.7692307692307693,0.75,0.8415968910728905,"{'classifier__depth': 4, 'classifier__learning_rate': 0.01}"
0,LR_ElasticNet,0.6643482831758064,0.8881118881118881,0.8286713286713286,0.8095238095238095,0.7727272727272727,0.8846153846153846,0.85,0.8736164548690155,"{'classifier__C': 0.1, 'classifier__l1_ratio': 0.2}"
0,GNB,0.5063391100141865,0.8688811188811189,0.7430069930069929,0.7547169811320755,0.9090909090909091,0.5769230769230769,0.6451612903225806,0.8611779017043629,default
0,LDA,0.7058891543857989,0.9003496503496503,0.8513986013986015,0.8372093023255814,0.8181818181818182,0.8846153846153846,0.8571428571428571,0.9047325531326728,default
0,RF,0.57953786404698,0.8863636363636364,0.7867132867132867,0.7619047619047619,0.7272727272727273,0.8461538461538461,0.8,0.89192097606838,"{'classifier__max_depth': 5, 'classifier__n_estimators': 100}"
0,LightGBM,0.6216038822203304,0.8496503496503495,0.8094405594405594,0.7906976744186046,0.7727272727272727,0.8461538461538461,0.8095238095238095,0.8540813050079621,"{'classifier__learning_rate': 0.1, 'classifier__n_estimators': 100}"
0,XGBoost,0.57953786404698,0.8846153846153847,0.7867132867132867,0.7619047619047619,0.7272727272727273,0.8461538461538461,0.8,0.8925649023161257,"{'classifier__learning_rate': 0.1, 'classifier__n_estimators': 50}"
0,CatBoost,0.4947274449181537,0.8566433566433567,0.7447552447552448,0.7142857142857143,0.6818181818181818,0.8076923076923077,0.75,0.8315872140964533,"{'classifier__depth': 6, 'classifier__learning_rate': 0.01}"
1,LR_ElasticNet,0.8775217193155135,0.9314381270903009,0.9372909698996655,0.9333333333333333,0.9130434782608695,0.9615384615384616,0.9545454545454546,0.9445306185150745,"{'classifier__C': 0.1, 'classifier__l1_ratio': 0.2}"
1,GNB,0.5470403875845892,0.9297658862876254,0.7642140468227425,0.7777777777777778,0.9130434782608695,0.6153846153846154,0.6774193548387096,0.9403493087131531,default
1,LDA,0.8381410922535469,0.9280936454849498,0.9155518394648829,0.9090909090909091,0.8695652173913043,0.9615384615384616,0.9523809523809523,0.9492879562327702,default
1,RF,0.754180602006689,0.9364548494983277,0.8770903010033444,0.8695652173913043,0.8695652173913043,0.8846153846153846,0.8695652173913043,0.9468670609097081,"{'classifier__max_depth': 5, 'classifier__n_estimators': 200}"
1,LightGBM,0.754180602006689,0.9297658862876255,0.8770903010033444,0.8695652173913043,0.8695652173913043,0.8846153846153846,0.8695652173913043,0.9347855336814586,"{'classifier__learning_rate': 0.1, 'classifier__n_estimators': 50}"
1,XGBoost,0.7130912633061056,0.919732441471572,0.8553511705685619,0.8444444444444444,0.8260869565217391,0.8846153846153846,0.8636363636363636,0.9222860314107453,"{'classifier__learning_rate': 0.1, 'classifier__n_estimators': 100}"
1,CatBoost,0.7145252027247703,0.9214046822742475,0.8578595317725752,0.851063829787234,0.8695652173913043,0.8461538461538461,0.8333333333333334,0.92706303049254,"{'classifier__depth': 4, 'classifier__learning_rate': 0.01}"
1,LR_ElasticNet,0.6695535716960599,0.9175084175084176,0.8308080808080808,0.8095238095238095,0.7727272727272727,0.8888888888888888,0.85,0.9102195164407441,"{'classifier__C': 0.1, 'classifier__l1_ratio': 0.2}"
1,GNB,0.5499450887908853,0.8804713804713804,0.7693602693602694,0.7692307692307693,0.9090909090909091,0.6296296296296297,0.6666666666666666,0.856921786868311,default
1,LDA,0.5447893535834707,0.9057239057239057,0.7668350168350169,0.7317073170731707,0.6818181818181818,0.8518518518518519,0.7894736842105263,0.9011182699841211,default
1,RF,0.5448462751310045,0.8695286195286195,0.771043771043771,0.7441860465116279,0.7272727272727273,0.8148148148148148,0.7619047619047619,0.8688874576349221,"{'classifier__max_depth': 10, 'classifier__n_estimators': 100}"
1,LightGBM,0.5025911034359737,0.8367003367003367,0.7483164983164983,0.7142857142857143,0.6818181818181818,0.8148148148148148,0.75,0.8320779800864451,"{'classifier__learning_rate': 0.1, 'classifier__n_estimators': 50}"
1,XGBoost,0.41910986930593064,0.8131313131313131,0.7070707070707071,0.6666666666666666,0.6363636363636364,0.7777777777777778,0.7,0.8239521671254201,"{'classifier__learning_rate': 0.1, 'classifier__n_estimators': 50}"
1,CatBoost,0.5875420875420876,0.8686868686868687,0.7937710437710437,0.7727272727272727,0.7727272727272727,0.8148148148148148,0.7727272727272727,0.8688123539234547,"{'classifier__depth': 6, 'classifier__learning_rate': 0.01}"
1,LR_ElasticNet,0.5379391211744428,0.8391608391608392,0.763986013986014,0.7317073170731707,0.6818181818181818,0.8461538461538461,0.7894736842105263,0.8164294126927334,"{'classifier__C': 0.1, 'classifier__l1_ratio': 0.2}"
1,GNB,0.6234393788445528,0.8898601398601399,0.8059440559440559,0.7804878048780488,0.7272727272727273,0.8846153846153846,0.8421052631578947,0.8979528462028021,default
1,LDA,0.5829752480681661,0.8391608391608392,0.7832167832167831,0.75,0.6818181818181818,0.8846153846153846,0.8333333333333334,0.8229218019517174,default
1,RF,0.45243886350433266,0.8653846153846154,0.7220279720279721,0.6829268292682927,0.6363636363636364,0.8076923076923077,0.7368421052631579,0.8574554462468458,"{'classifier__max_depth': 5, 'classifier__n_estimators': 100}"
1,LightGBM,0.46231128346886785,0.8321678321678322,0.715034965034965,0.6486486486486487,0.5454545454545454,0.8846153846153846,0.8,0.8370901001466416,"{'classifier__learning_rate': 0.01, 'classifier__n_estimators': 100}"
1,XGBoost,0.45243886350433266,0.8076923076923077,0.7220279720279721,0.6829268292682927,0.6363636363636364,0.8076923076923077,0.7368421052631579,0.8265901363961707,"{'classifier__learning_rate': 0.01, 'classifier__n_estimators': 100}"
1,CatBoost,0.5379391211744428,0.8636363636363636,0.763986013986014,0.7317073170731707,0.6818181818181818,0.8461538461538461,0.7894736842105263,0.8560135673208232,"{'classifier__depth': 6, 'classifier__learning_rate': 0.01}"
1,LR_ElasticNet,0.8339691214334591,0.9597902097902098,0.9125874125874126,0.9047619047619048,0.8636363636363636,0.9615384615384616,0.95,0.961456225233315,"{'classifier__C': 1.0, 'classifier__l1_ratio': 0.5}"
1,GNB,0.5606119105813882,0.9370629370629371,0.75,0.7719298245614035,1.0,0.5,0.6285714285714286,0.9238442744124561,default
1,LDA,0.8420753583206844,0.9615384615384616,0.9090909090909092,0.9,0.8181818181818182,1.0,1.0,0.9644158492601207,default
1,RF,0.6643482831758064,0.9423076923076923,0.8286713286713286,0.8095238095238095,0.7727272727272727,0.8846153846153846,0.85,0.9434943111070667,"{'classifier__max_depth': 5, 'classifier__n_estimators': 200}"
1,LightGBM,0.7901744265512675,0.9248251748251748,0.8933566433566433,0.8837209302325582,0.8636363636363636,0.9230769230769231,0.9047619047619048,0.9338815491389021,"{'classifier__learning_rate': 0.1, 'classifier__n_estimators': 50}"
1,XGBoost,0.5405423894522708,0.9073426573426574,0.770979020979021,0.7555555555555555,0.7727272727272727,0.7692307692307693,0.7391304347826086,0.916769598468163,"{'classifier__learning_rate': 0.1, 'classifier__n_estimators': 50}"
1,CatBoost,0.6216038822203304,0.9143356643356644,0.8094405594405594,0.7906976744186046,0.7727272727272727,0.8461538461538461,0.8095238095238095,0.9190381279803648,"{'classifier__depth': 6, 'classifier__learning_rate': 0.01}"
1,LR_ElasticNet,0.5373186100548619,0.8076923076923077,0.7674825174825175,0.7441860465116279,0.7272727272727273,0.8076923076923077,0.7619047619047619,0.7904978151649978,"{'classifier__C': 1.0, 'classifier__l1_ratio': 0.8}"
1,GNB,0.41024184123315394,0.7945804195804196,0.6993006993006994,0.65,0.5909090909090909,0.8076923076923077,0.7222222222222222,0.7394496571618017,default
1,LDA,0.5373186100548619,0.798951048951049,0.7674825174825175,0.7441860465116279,0.7272727272727273,0.8076923076923077,0.7619047619047619,0.7853646958665681,default
1,RF,0.32867132867132864,0.7884615384615384,0.6643356643356644,0.6363636363636364,0.6363636363636364,0.6923076923076923,0.6363636363636364,0.8096449538671485,"{'classifier__max_depth': 10, 'classifier__n_estimators': 100}"
1,LightGBM,0.4965034965034965,0.7954545454545454,0.7482517482517483,0.7272727272727273,0.7272727272727273,0.7692307692307693,0.7272727272727273,0.7839865183615182,"{'classifier__learning_rate': 0.01, 'classifier__n_estimators': 100}"
1,XGBoost,0.32867132867132864,0.7229020979020979,0.6643356643356644,0.6363636363636364,0.6363636363636364,0.6923076923076923,0.6363636363636364,0.6705912333841197,"{'classifier__learning_rate': 0.01, 'classifier__n_estimators': 100}"
1,CatBoost,0.3731486172347935,0.75,0.6870629370629371,0.6666666666666666,0.6818181818181818,0.6923076923076923,0.6521739130434783,0.7763108144940027,"{'classifier__depth': 6, 'classifier__learning_rate': 0.01}"
2,LR_ElasticNet,0.590240205812357,0.9247491638795986,0.7926421404682273,0.7727272727272727,0.7391304347826086,0.8461538461538461,0.8095238095238095,0.9298856476611993,"{'classifier__C': 0.1, 'classifier__l1_ratio': 0.2}"
2,GNB,0.6978743447670743,0.9163879598662208,0.8436454849498327,0.8461538461538461,0.9565217391304348,0.7307692307692307,0.7586206896551724,0.9130884364461074,default
2,LDA,0.5501491185025111,0.9013377926421405,0.7709030100334449,0.7441860465116279,0.6956521739130435,0.8461538461538461,0.8,0.9100417331041151,default
2,RF,0.5501491185025111,0.8896321070234113,0.7709030100334449,0.7441860465116279,0.6956521739130435,0.8461538461538461,0.8,0.8948619985982454,"{'classifier__max_depth': None, 'classifier__n_estimators': 200}"
2,LightGBM,0.5486608072966978,0.8444816053511706,0.7734113712374582,0.7555555555555555,0.7391304347826086,0.8076923076923077,0.7727272727272727,0.8542461121484002,"{'classifier__learning_rate': 0.1, 'classifier__n_estimators': 50}"
2,XGBoost,0.5509189647176967,0.8394648829431438,0.7759197324414716,0.7659574468085106,0.782608695652174,0.7692307692307693,0.75,0.849970163815472,"{'classifier__learning_rate': 0.1, 'classifier__n_estimators': 50}"
2,CatBoost,0.5943488886335515,0.8678929765886287,0.790133779264214,0.7619047619047619,0.6956521739130435,0.8846153846153846,0.8421052631578947,0.8768658789536261,"{'classifier__depth': 4, 'classifier__learning_rate': 0.01}"
2,LR_ElasticNet,0.7530348058261029,0.9023569023569024,0.8720538720538721,0.8571428571428571,0.8181818181818182,0.9259259259259259,0.9,0.9006979225702839,"{'classifier__C': 1.0, 'classifier__l1_ratio': 0.2}"
2,GNB,0.7106690545187014,0.8821548821548821,0.8535353535353536,0.8372093023255814,0.8181818181818182,0.8888888888888888,0.8571428571428571,0.8267054344629634,default
2,LDA,0.7106690545187014,0.9023569023569024,0.8535353535353536,0.8372093023255814,0.8181818181818182,0.8888888888888888,0.8571428571428571,0.9018342862066475,default
2,RF,0.6695535716960599,0.9175084175084175,0.8308080808080808,0.8095238095238095,0.7727272727272727,0.8888888888888888,0.85,0.9197418873158296,"{'classifier__max_depth': 5, 'classifier__n_estimators': 200}"
2,LightGBM,0.6308760353014017,0.9107744107744108,0.8164983164983165,0.8,0.8181818181818182,0.8148148148148148,0.782608695652174,0.9150639470408861,"{'classifier__learning_rate': 0.1, 'classifier__n_estimators': 50}"
2,XGBoost,0.67003367003367,0.9158249158249159,0.835016835016835,0.8181818181818182,0.8181818181818182,0.8518518518518519,0.8181818181818182,0.921648344689097,"{'classifier__learning_rate': 0.1, 'classifier__n_estimators': 100}"
2,CatBoost,0.67003367003367,0.9090909090909091,0.835016835016835,0.8181818181818182,0.8181818181818182,0.8518518518518519,0.8181818181818182,0.900462425743878,"{'classifier__depth': 4, 'classifier__learning_rate': 0.01}"
2,LR_ElasticNet,0.7149109021788099,0.9527972027972028,0.8583916083916083,0.851063829787234,0.9090909090909091,0.8076923076923077,0.8,0.9459598409020678,"{'classifier__C': 0.1, 'classifier__l1_ratio': 0.2}"
2,GNB,0.4982781659214778,0.9318181818181819,0.7272727272727273,0.75,0.9545454545454546,0.5,0.6176470588235294,0.9185672588902712,default
2,LDA,0.7622377622377622,0.9562937062937064,0.8811188811188811,0.875,0.9545454545454546,0.8076923076923077,0.8076923076923077,0.9514005399172862,default
2,RF,0.7149109021788099,0.9370629370629371,0.8583916083916083,0.851063829787234,0.9090909090909091,0.8076923076923077,0.8,0.9301006888239508,"{'classifier__max_depth': 5, 'classifier__n_estimators': 100}"
2,LightGBM,0.6078080037565888,0.9143356643356644,0.8006993006993006,0.8,0.9090909090909091,0.6923076923076923,0.7142857142857143,0.9123535445631491,"{'classifier__learning_rate': 0.1, 'classifier__n_estimators': 50}"
2,XGBoost,0.6783216783216783,0.9055944055944056,0.8391608391608392,0.8333333333333334,0.9090909090909091,0.7692307692307693,0.7692307692307693,0.8988638788477434,"{'classifier__learning_rate': 0.1, 'classifier__n_estimators': 100}"
2,CatBoost,0.7269604724271661,0.9335664335664335,0.8618881118881119,0.8571428571428571,0.9545454545454546,0.7692307692307693,0.7777777777777778,0.9336392834422669,"{'classifier__depth': 4, 'classifier__learning_rate': 0.01}"
2,LR_ElasticNet,0.5525183631701104,0.8811188811188811,0.7569930069930071,0.7027027027027027,0.5909090909090909,0.9230769230769231,0.8666666666666667,0.8498176540296487,"{'classifier__C': 0.1, 'classifier__l1_ratio': 0.2}"
2,GNB,0.5063391100141865,0.8688811188811189,0.7430069930069929,0.7547169811320755,0.9090909090909091,0.5769230769230769,0.6451612903225806,0.8661763780927778,default
2,LDA,0.6055996170430269,0.8863636363636364,0.7762237762237763,0.7222222222222222,0.5909090909090909,0.9615384615384616,0.9285714285714286,0.8483407619922234,default
2,RF,0.5684526366035054,0.8811188811188811,0.7534965034965035,0.6857142857142857,0.5454545454545454,0.9615384615384616,0.9230769230769231,0.8575321236445639,"{'classifier__max_depth': 5, 'classifier__n_estimators': 100}"
2,LightGBM,0.5913123959890826,0.8496503496503497,0.7797202797202798,0.7368421052631579,0.6363636363636364,0.9230769230769231,0.875,0.831795501796621,"{'classifier__learning_rate': 0.1, 'classifier__n_estimators': 50}"
2,XGBoost,0.5136098017959848,0.8828671328671328,0.7342657342657343,0.6666666666666666,0.5454545454545454,0.9230769230769231,0.8571428571428571,0.8646098350703735,"{'classifier__learning_rate': 0.1, 'classifier__n_estimators': 100}"
2,CatBoost,0.5136098017959848,0.881118881118881,0.7342657342657343,0.6666666666666666,0.5454545454545454,0.9230769230769231,0.8571428571428571,0.8527670666068714,"{'classifier__depth': 6, 'classifier__learning_rate': 0.01}"
2,LR_ElasticNet,0.6216038822203304,0.8793706293706294,0.8094405594405594,0.7906976744186046,0.7727272727272727,0.8461538461538461,0.8095238095238095,0.8882866215325893,"{'classifier__C': 1.0, 'classifier__l1_ratio': 0.5}"
2,GNB,0.6216038822203304,0.8548951048951049,0.8094405594405594,0.7906976744186046,0.7727272727272727,0.8461538461538461,0.8095238095238095,0.8606323508783464,default
2,LDA,0.6216038822203304,0.8846153846153847,0.8094405594405594,0.7906976744186046,0.7727272727272727,0.8461538461538461,0.8095238095238095,0.9014816306796547,default
2,RF,0.6216038822203304,0.8688811188811189,0.8094405594405594,0.7906976744186046,0.7727272727272727,0.8461538461538461,0.8095238095238095,0.8859767778910395,"{'classifier__max_depth': 5, 'classifier__n_estimators': 200}"
2,LightGBM,0.5373186100548619,0.8741258741258742,0.7674825174825175,0.7441860465116279,0.7272727272727273,0.8076923076923077,0.7619047619047619,0.8591351895039665,"{'classifier__learning_rate': 0.1, 'classifier__n_estimators': 50}"
2,XGBoost,0.5373186100548619,0.8618881118881119,0.7674825174825175,0.7441860465116279,0.7272727272727273,0.8076923076923077,0.7619047619047619,0.8636758248002266,"{'classifier__learning_rate': 0.1, 'classifier__n_estimators': 50}"
2,CatBoost,0.45243886350433266,0.846153846153846,0.7220279720279721,0.6829268292682927,0.6363636363636364,0.8076923076923077,0.7368421052631579,0.8575009143190961,"{'classifier__depth': 4, 'classifier__learning_rate': 0.01}"
3,LR_ElasticNet,0.755507463439817,0.9214046822742474,0.8745819397993311,0.8636363636363636,0.8260869565217391,0.9230769230769231,0.9047619047619048,0.9392516728370944,"{'classifier__C': 0.1, 'classifier__l1_ratio': 0.2}"
3,GNB,0.46221450469963704,0.8862876254180602,0.7232441471571907,0.7407407407407407,0.8695652173913043,0.5769230769230769,0.6451612903225806,0.9100234356484993,default
3,LDA,0.7130912633061056,0.9163879598662207,0.8553511705685619,0.8444444444444444,0.8260869565217391,0.8846153846153846,0.8636363636363636,0.9365741547830735,default
3,RF,0.7130912633061056,0.9096989966555185,0.8553511705685619,0.8444444444444444,0.8260869565217391,0.8846153846153846,0.8636363636363636,0.930089589977388,"{'classifier__max_depth': None, 'classifier__n_estimators': 200}"
3,LightGBM,0.6327220837212335,0.9163879598662208,0.8168896321070234,0.8085106382978723,0.8260869565217391,0.8076923076923077,0.7916666666666666,0.9286706940234226,"{'classifier__learning_rate': 0.1, 'classifier__n_estimators': 50}"
3,XGBoost,0.6722408026755853,0.9096989966555183,0.8361204013377926,0.8260869565217391,0.8260869565217391,0.8461538461538461,0.8260869565217391,0.927905746495927,"{'classifier__learning_rate': 0.1, 'classifier__n_estimators': 50}"
3,CatBoost,0.7130912633061056,0.903010033444816,0.8553511705685619,0.8444444444444444,0.8260869565217391,0.8846153846153846,0.8636363636363636,0.9228554498215623,"{'classifier__depth': 6, 'classifier__learning_rate': 0.01}"
3,LR_ElasticNet,0.67003367003367,0.893939393939394,0.835016835016835,0.8181818181818182,0.8181818181818182,0.8518518518518519,0.8181818181818182,0.86671765619131,"{'classifier__C': 1.0, 'classifier__l1_ratio': 0.2}"
3,GNB,0.4991837061245434,0.8922558922558923,0.7466329966329966,0.7450980392156863,0.8636363636363636,0.6296296296296297,0.6551724137931034,0.8922897733450512,default
3,LDA,0.627757664824853,0.8922558922558923,0.8122895622895623,0.7906976744186046,0.7727272727272727,0.8518518518518519,0.8095238095238095,0.8663847082008556,default
3,RF,0.5875420875420876,0.9023569023569024,0.7937710437710437,0.7727272727272727,0.7727272727272727,0.8148148148148148,0.7727272727272727,0.8669779536520954,"{'classifier__max_depth': 5, 'classifier__n_estimators': 200}"
3,LightGBM,0.627757664824853,0.8981481481481483,0.8122895622895623,0.7906976744186046,0.7727272727272727,0.8518518518518519,0.8095238095238095,0.859475234948503,"{'classifier__learning_rate': 0.01, 'classifier__n_estimators': 100}"
3,XGBoost,0.5108942227567661,0.8535353535353536,0.7567340067340067,0.7391304347826086,0.7727272727272727,0.7407407407407407,0.7083333333333334,0.8527124623117446,"{'classifier__learning_rate': 0.1, 'classifier__n_estimators': 50}"
3,CatBoost,0.5486608072966978,0.8552188552188552,0.7752525252525253,0.7555555555555555,0.7727272727272727,0.7777777777777778,0.7391304347826086,0.8236261242822599,"{'classifier__depth': 6, 'classifier__learning_rate': 0.01}"
3,LR_ElasticNet,0.5427663841159265,0.8583916083916083,0.7604895104895104,0.717948717948718,0.6363636363636364,0.8846153846153846,0.8235294117647058,0.825235590654251,"{'classifier__C': 0.1, 'classifier__l1_ratio': 0.2}"
3,GNB,0.3687480657239248,0.7534965034965035,0.6835664335664335,0.6511627906976745,0.6363636363636364,0.7307692307692307,0.6666666666666666,0.7229852667050446,default
3,LDA,0.6301918419601026,0.8916083916083917,0.8024475524475525,0.7692307692307693,0.6818181818181818,0.9230769230769231,0.8823529411764706,0.864383455894515,default
3,RF,0.45534092627175043,0.8566433566433567,0.7185314685314685,0.6666666666666666,0.5909090909090909,0.8461538461538461,0.7647058823529411,0.81500347014181,"{'classifier__max_depth': 5, 'classifier__n_estimators': 200}"
3,LightGBM,0.45243886350433266,0.8269230769230769,0.7220279720279721,0.6829268292682927,0.6363636363636364,0.8076923076923077,0.7368421052631579,0.7993002772868723,"{'classifier__learning_rate': 0.01, 'classifier__n_estimators': 100}"
3,XGBoost,0.4947274449181537,0.8409090909090909,0.7447552447552448,0.7142857142857143,0.6818181818181818,0.8076923076923077,0.75,0.8329688372987746,"{'classifier__learning_rate': 0.1, 'classifier__n_estimators': 100}"
3,CatBoost,0.49660854465066,0.8548951048951049,0.7412587412587412,0.7,0.6363636363636364,0.8461538461538461,0.7777777777777778,0.8185970186972862,"{'classifier__depth': 6, 'classifier__learning_rate': 0.01}"
3,LR_ElasticNet,0.7491587023046328,0.9510489510489512,0.8706293706293706,0.8571428571428571,0.8181818181818182,0.9230769230769231,0.9,0.9522449623582591,"{'classifier__C': 0.1, 'classifier__l1_ratio': 0.2}"
3,GNB,0.5902679811685199,0.9597902097902098,0.7692307692307692,0.7857142857142857,1.0,0.5384615384615384,0.6470588235294118,0.9582958863434246,default
3,LDA,0.794439894184773,0.9423076923076923,0.8898601398601399,0.8780487804878049,0.8181818181818182,0.9615384615384616,0.9473684210526315,0.949684574424231,default
3,RF,0.7901744265512675,0.9423076923076923,0.8933566433566433,0.8837209302325582,0.8636363636363636,0.9230769230769231,0.9047619047619048,0.9440960119172193,"{'classifier__max_depth': 5, 'classifier__n_estimators': 200}"
3,LightGBM,0.5525183631701104,0.8505244755244755,0.7569930069930071,0.7027027027027027,0.5909090909090909,0.9230769230769231,0.8666666666666667,0.8502654025249864,"{'classifier__learning_rate': 0.01, 'classifier__n_estimators': 50}"
3,XGBoost,0.7079361616697484,0.9090909090909091,0.8548951048951049,0.8444444444444444,0.8636363636363636,0.8461538461538461,0.8260869565217391,0.8996454173864721,"{'classifier__learning_rate': 0.1, 'classifier__n_estimators': 50}"
3,CatBoost,0.7916330477784871,0.9370629370629371,0.8968531468531469,0.8888888888888888,0.9090909090909091,0.8846153846153846,0.8695652173913043,0.9397489662711414,"{'classifier__depth': 6, 'classifier__learning_rate': 0.01}"
3,LR_ElasticNet,0.5373186100548619,0.8391608391608391,0.7674825174825175,0.7441860465116279,0.7272727272727273,0.8076923076923077,0.7619047619047619,0.8720025697676457,"{'classifier__C': 0.1, 'classifier__l1_ratio': 0.2}"
3,GNB,0.57953786404698,0.8199300699300699,0.7867132867132867,0.7619047619047619,0.7272727272727273,0.8461538461538461,0.8,0.7524697477184812,default
3,LDA,0.5373186100548619,0.8251748251748251,0.7674825174825175,0.7441860465116279,0.7272727272727273,0.8076923076923077,0.7619047619047619,0.8425597373413461,default
3,RF,0.5405423894522708,0.8531468531468531,0.770979020979021,0.7555555555555555,0.7727272727272727,0.7692307692307693,0.7391304347826086,0.8723154826942305,"{'classifier__max_depth': 10, 'classifier__n_estimators': 200}"
3,LightGBM,0.5405423894522708,0.8374125874125874,0.770979020979021,0.7555555555555555,0.7727272727272727,0.7692307692307693,0.7391304347826086,0.8628401413294419,"{'classifier__learning_rate': 0.1, 'classifier__n_estimators': 50}"
3,XGBoost,0.5017452060042544,0.8374125874125874,0.7517482517482517,0.7391304347826086,0.7727272727272727,0.7307692307692307,0.7083333333333334,0.8571251018465278,"{'classifier__learning_rate': 0.1, 'classifier__n_estimators': 50}"
3,CatBoost,0.5405423894522708,0.8181818181818182,0.770979020979021,0.7555555555555555,0.7727272727272727,0.7692307692307693,0.7391304347826086,0.8499793005843466,"{'classifier__depth': 6, 'classifier__learning_rate': 0.01}"
4,LR_ElasticNet,0.672873834626087,0.8595317725752507,0.8336120401337792,0.8181818181818182,0.782608695652174,0.8846153846153846,0.8571428571428571,0.89247566663035,"{'classifier__C': 1.0, 'classifier__l1_ratio': 0.2}"
4,GNB,0.5806463205958904,0.8361204013377925,0.7834448160535117,0.7924528301886793,0.9130434782608695,0.6538461538461539,0.7,0.8228078121556383,default
4,LDA,0.6333506827204834,0.8545150501672241,0.8118729096989966,0.7906976744186046,0.7391304347826086,0.8846153846153846,0.85,0.8892675528784391,default
4,RF,0.590240205812357,0.8545150501672241,0.7926421404682273,0.7727272727272727,0.7391304347826086,0.8461538461538461,0.8095238095238095,0.8787951933266513,"{'classifier__max_depth': 5, 'classifier__n_estimators': 100}"
4,LightGBM,0.5486608072966978,0.8394648829431438,0.7734113712374582,0.7555555555555555,0.7391304347826086,0.8076923076923077,0.7727272727272727,0.8539368180925107,"{'classifier__learning_rate': 0.1, 'classifier__n_estimators': 50}"
4,XGBoost,0.5501491185025111,0.8444816053511706,0.7709030100334449,0.7441860465116279,0.6956521739130435,0.8461538461538461,0.8,0.861714405106778,"{'classifier__learning_rate': 0.1, 'classifier__n_estimators': 100}"
4,CatBoost,0.5501491185025111,0.8260869565217391,0.7709030100334449,0.7441860465116279,0.6956521739130435,0.8461538461538461,0.8,0.85996426407407,"{'classifier__depth': 4, 'classifier__learning_rate': 0.01}"
4,LR_ElasticNet,0.6845676127738614,0.9259259259259259,0.8434343434343434,0.8333333333333334,0.9090909090909091,0.7777777777777778,0.7692307692307693,0.9051606899133758,"{'classifier__C': 1.0, 'classifier__l1_ratio': 0.5}"
4,GNB,0.7202771009357686,0.9124579124579124,0.8619528619528619,0.851063829787234,0.9090909090909091,0.8148148148148148,0.8,0.8209468635552807,default
4,LDA,0.7202771009357686,0.9242424242424242,0.8619528619528619,0.851063829787234,0.9090909090909091,0.8148148148148148,0.8,0.8895076130501032,default
4,RF,0.6381990126895997,0.936026936026936,0.8207070707070707,0.8085106382978723,0.8636363636363636,0.7777777777777778,0.76,0.9358746320912218,"{'classifier__max_depth': 5, 'classifier__n_estimators': 200}"
4,LightGBM,0.6381990126895997,0.9191919191919192,0.8207070707070707,0.8085106382978723,0.8636363636363636,0.7777777777777778,0.76,0.9217077773485096,"{'classifier__learning_rate': 0.1, 'classifier__n_estimators': 50}"
4,XGBoost,0.675050399249104,0.9175084175084176,0.8392255892255892,0.8260869565217391,0.8636363636363636,0.8148148148148148,0.7916666666666666,0.9220392374048498,"{'classifier__learning_rate': 0.1, 'classifier__n_estimators': 50}"
4,CatBoost,0.5561209244434306,0.9124579124579125,0.7794612794612794,0.7659574468085106,0.8181818181818182,0.7407407407407407,0.72,0.908552553639452,"{'classifier__depth': 6, 'classifier__learning_rate': 0.01}"
4,LR_ElasticNet,0.6783216783216783,0.9090909090909091,0.8391608391608392,0.8333333333333334,0.9090909090909091,0.7692307692307693,0.7692307692307693,0.879471815047385,"{'classifier__C': 1.0, 'classifier__l1_ratio': 0.8}"
4,GNB,0.5617467761896284,0.8863636363636364,0.7657342657342657,0.7777777777777778,0.9545454545454546,0.5769230769230769,0.65625,0.8652187593224101,default
4,LDA,0.6426752002616976,0.8968531468531469,0.8199300699300699,0.8163265306122449,0.9090909090909091,0.7307692307692307,0.7407407407407407,0.8604944804607674,default
4,RF,0.6643356643356644,0.8688811188811189,0.8321678321678322,0.8181818181818182,0.8181818181818182,0.8461538461538461,0.8181818181818182,0.8372428970874286,"{'classifier__max_depth': None, 'classifier__n_estimators': 200}"
4,LightGBM,0.5475171299613324,0.8531468531468531,0.7744755244755245,0.7659574468085106,0.8181818181818182,0.7307692307692307,0.72,0.8332944104373178,"{'classifier__learning_rate': 0.1, 'classifier__n_estimators': 50}"
4,XGBoost,0.5017452060042544,0.8653846153846154,0.7517482517482517,0.7391304347826086,0.7727272727272727,0.7307692307692307,0.7083333333333334,0.8855951443720453,"{'classifier__learning_rate': 0.1, 'classifier__n_estimators': 50}"
4,CatBoost,0.6312140160700712,0.8444055944055944,0.8164335664335665,0.8085106382978723,0.8636363636363636,0.7692307692307693,0.76,0.8003413346680366,"{'classifier__depth': 4, 'classifier__learning_rate': 0.01}"
4,LR_ElasticNet,0.5310850045437944,0.8286713286713286,0.7307692307692308,0.6470588235294118,0.5,0.9615384615384616,0.9166666666666666,0.8509806848841104,"{'classifier__C': 1.0, 'classifier__l1_ratio': 0.5}"
4,GNB,0.2212488394343549,0.7709790209790208,0.6101398601398601,0.6122448979591837,0.6818181818181818,0.5384615384615384,0.5555555555555556,0.8178095752931785,default
4,LDA,0.5310850045437944,0.7884615384615383,0.7307692307692308,0.6470588235294118,0.5,0.9615384615384616,0.9166666666666666,0.819358295881747,default
4,RF,0.3721042037676254,0.826923076923077,0.6730769230769231,0.5945945945945946,0.5,0.8461538461538461,0.7333333333333333,0.8344998041546103,"{'classifier__max_depth': 5, 'classifier__n_estimators': 200}"
4,LightGBM,0.45534092627175043,0.8076923076923076,0.7185314685314685,0.6666666666666666,0.5909090909090909,0.8461538461538461,0.7647058823529411,0.8255882481224959,"{'classifier__learning_rate': 0.1, 'classifier__n_estimators': 50}"
4,XGBoost,0.45534092627175043,0.7954545454545454,0.7185314685314685,0.6666666666666666,0.5909090909090909,0.8461538461538461,0.7647058823529411,0.8182021114541993,"{'classifier__learning_rate': 0.1, 'classifier__n_estimators': 100}"
4,CatBoost,0.3721042037676254,0.8129370629370629,0.6730769230769231,0.5945945945945946,0.5,0.8461538461538461,0.7333333333333333,0.81630427594191,"{'classifier__depth': 6, 'classifier__learning_rate': 0.01}"
4,LR_ElasticNet,0.7491587023046328,0.9335664335664335,0.8706293706293706,0.8571428571428571,0.8181818181818182,0.9230769230769231,0.9,0.9304816825739898,"{'classifier__C': 0.1, 'classifier__l1_ratio': 0.2}"
4,GNB,0.7491587023046328,0.9160839160839161,0.8706293706293706,0.8571428571428571,0.8181818181818182,0.9230769230769231,0.9,0.9222945469200386,default
4,LDA,0.794439894184773,0.9493006993006993,0.8898601398601399,0.8780487804878049,0.8181818181818182,0.9615384615384616,0.9473684210526315,0.9437741625660745,default
4,RF,0.49660854465066,0.9055944055944056,0.7412587412587412,0.7,0.6363636363636364,0.8461538461538461,0.7777777777777778,0.8996105599124787,"{'classifier__max_depth': 5, 'classifier__n_estimators': 100}"
4,LightGBM,0.6234393788445528,0.9003496503496504,0.8059440559440559,0.7804878048780488,0.7272727272727273,0.8846153846153846,0.8421052631578947,0.8987033284704267,"{'classifier__learning_rate': 0.1, 'classifier__n_estimators': 50}"
4,XGBoost,0.5379391211744428,0.9073426573426573,0.763986013986014,0.7317073170731707,0.6818181818181818,0.8461538461538461,0.7894736842105263,0.8955357277255152,"{'classifier__learning_rate': 0.1, 'classifier__n_estimators': 50}"
4,CatBoost,0.5829752480681661,0.9090909090909092,0.7832167832167831,0.75,0.6818181818181818,0.8846153846153846,0.8333333333333334,0.901699181728826,"{'classifier__depth': 4, 'classifier__learning_rate': 0.01}"
5,LR_ElasticNet,0.7963283217283071,0.9280936454849499,0.8988294314381271,0.8936170212765957,0.9130434782608695,0.8846153846153846,0.875,0.9439679875971859,"{'classifier__C': 1.0, 'classifier__l1_ratio': 0.2}"
5,GNB,0.4277990191514432,0.9147157190635452,0.7040133779264214,0.7272727272727273,0.8695652173913043,0.5384615384615384,0.625,0.9272709523483516,default
5,LDA,0.754180602006689,0.9280936454849498,0.8770903010033444,0.8695652173913043,0.8695652173913043,0.8846153846153846,0.8695652173913043,0.9449933759084416,default
5,RF,0.755507463439817,0.9615384615384616,0.8745819397993311,0.8636363636363636,0.8260869565217391,0.9230769230769231,0.9047619047619048,0.9673402659423951,"{'classifier__max_depth': 5, 'classifier__n_estimators': 100}"
5,LightGBM,0.7145252027247703,0.9197324414715718,0.8578595317725752,0.851063829787234,0.8695652173913043,0.8461538461538461,0.8333333333333334,0.9317988323824002,"{'classifier__learning_rate': 0.1, 'classifier__n_estimators': 50}"
5,XGBoost,0.6722408026755853,0.911371237458194,0.8361204013377926,0.8260869565217391,0.8260869565217391,0.8461538461538461,0.8260869565217391,0.923006648978238,"{'classifier__learning_rate': 0.1, 'classifier__n_estimators': 100}"
5,CatBoost,0.754180602006689,0.9331103678929766,0.8770903010033444,0.8695652173913043,0.8695652173913043,0.8846153846153846,0.8695652173913043,0.9402548964249732,"{'classifier__depth': 6, 'classifier__learning_rate': 0.01}"
5,LR_ElasticNet,0.6023523847691574,0.8653198653198653,0.8021885521885521,0.7916666666666666,0.8636363636363636,0.7407407407407407,0.7307692307692307,0.814438830522322,"{'classifier__C': 1.0, 'classifier__l1_ratio': 0.8}"
5,GNB,0.4740428361972617,0.8417508417508418,0.7382154882154882,0.723404255319149,0.7727272727272727,0.7037037037037037,0.68,0.8135054701028575,default
5,LDA,0.5561209244434306,0.872053872053872,0.7794612794612794,0.7659574468085106,0.8181818181818182,0.7407407407407407,0.72,0.8544469471952578,default
5,RF,0.4740428361972617,0.8400673400673401,0.7382154882154882,0.723404255319149,0.7727272727272727,0.7037037037037037,0.68,0.7981976220353303,"{'classifier__max_depth': 5, 'classifier__n_estimators': 100}"
5,LightGBM,0.43792192875974956,0.8215488215488216,0.7196969696969697,0.7083333333333334,0.7727272727272727,0.6666666666666666,0.6538461538461539,0.809820294336288,"{'classifier__learning_rate': 0.1, 'classifier__n_estimators': 100}"
5,XGBoost,0.3557067007550456,0.8383838383838385,0.6784511784511784,0.6666666666666666,0.7272727272727273,0.6296296296296297,0.6153846153846154,0.8421748251634456,"{'classifier__learning_rate': 0.1, 'classifier__n_estimators': 100}"
5,CatBoost,0.3919647479510927,0.835016835016835,0.696969696969697,0.6808510638297872,0.7272727272727273,0.6666666666666666,0.64,0.7960974728007181,"{'classifier__depth': 4, 'classifier__learning_rate': 0.01}"
5,LR_ElasticNet,0.680009255387445,0.9353146853146853,0.8216783216783217,0.7894736842105263,0.6818181818181818,0.9615384615384616,0.9375,0.930098751290044,"{'classifier__C': 0.1, 'classifier__l1_ratio': 0.2}"
5,GNB,0.5944055944055944,0.9073426573426574,0.7972027972027972,0.7916666666666666,0.8636363636363636,0.7307692307692307,0.7307692307692307,0.9109205418838123,default
5,LDA,0.680009255387445,0.9265734265734267,0.8216783216783217,0.7894736842105263,0.6818181818181818,0.9615384615384616,0.9375,0.9185312122752315,default
5,RF,0.6427254428713529,0.9493006993006994,0.798951048951049,0.7567567567567568,0.6363636363636364,0.9615384615384616,0.9333333333333333,0.946248929985974,"{'classifier__max_depth': 5, 'classifier__n_estimators': 100}"
5,LightGBM,0.5136098017959848,0.9055944055944056,0.7342657342657343,0.6666666666666666,0.5454545454545454,0.9230769230769231,0.8571428571428571,0.8963421222618563,"{'classifier__learning_rate': 0.1, 'classifier__n_estimators': 50}"
5,XGBoost,0.5525183631701104,0.9195804195804196,0.7569930069930071,0.7027027027027027,0.5909090909090909,0.9230769230769231,0.8666666666666667,0.9119679191871706,"{'classifier__learning_rate': 0.1, 'classifier__n_estimators': 50}"
5,CatBoost,0.6301918419601026,0.9143356643356644,0.8024475524475525,0.7692307692307693,0.6818181818181818,0.9230769230769231,0.8823529411764706,0.922055415710502,"{'classifier__depth': 6, 'classifier__learning_rate': 0.01}"
5,LR_ElasticNet,0.794439894184773,0.9213286713286714,0.8898601398601399,0.8780487804878049,0.8181818181818182,0.9615384615384616,0.9473684210526315,0.9373081014071003,"{'classifier__C': 0.1, 'classifier__l1_ratio': 0.2}"
5,GNB,0.5063391100141865,0.9265734265734266,0.7430069930069929,0.7547169811320755,0.9090909090909091,0.5769230769230769,0.6451612903225806,0.9433262815615756,default
5,LDA,0.7176172998042787,0.9090909090909092,0.8444055944055944,0.8205128205128205,0.7272727272727273,0.9615384615384616,0.9411764705882353,0.9257664811172657,default
5,RF,0.5379391211744428,0.8706293706293706,0.763986013986014,0.7317073170731707,0.6818181818181818,0.8461538461538461,0.7894736842105263,0.8903018753315195,"{'classifier__max_depth': 5, 'classifier__n_estimators': 200}"
5,LightGBM,0.57953786404698,0.8566433566433567,0.7867132867132867,0.7619047619047619,0.7272727272727273,0.8461538461538461,0.8,0.8802329301103222,"{'classifier__learning_rate': 0.1, 'classifier__n_estimators': 50}"
5,XGBoost,0.5373186100548619,0.8321678321678322,0.7674825174825175,0.7441860465116279,0.7272727272727273,0.8076923076923077,0.7619047619047619,0.8546218091646856,"{'classifier__learning_rate': 0.1, 'classifier__n_estimators': 50}"
5,CatBoost,0.49660854465066,0.8531468531468531,0.7412587412587412,0.7,0.6363636363636364,0.8461538461538461,0.7777777777777778,0.8719941839769425,"{'classifier__depth': 6, 'classifier__learning_rate': 0.01}"
5,LR_ElasticNet,0.558389928096229,0.8618881118881119,0.7779720279720279,0.7755102040816326,0.8636363636363636,0.6923076923076923,0.7037037037037037,0.8732682666477133,"{'classifier__C': 1.0, 'classifier__l1_ratio': 0.8}"
5,GNB,0.5405423894522708,0.8601398601398602,0.770979020979021,0.7555555555555555,0.7727272727272727,0.7692307692307693,0.7391304347826086,0.7991547396812011,default
5,LDA,0.558389928096229,0.8409090909090908,0.7779720279720279,0.7755102040816326,0.8636363636363636,0.6923076923076923,0.7037037037037037,0.8483196609190564,default
5,RF,0.558389928096229,0.8653846153846154,0.7779720279720279,0.7755102040816326,0.8636363636363636,0.6923076923076923,0.7037037037037037,0.8796761944027771,"{'classifier__max_depth': 5, 'classifier__n_estimators': 100}"
5,LightGBM,0.558389928096229,0.8251748251748252,0.7779720279720279,0.7755102040816326,0.8636363636363636,0.6923076923076923,0.7037037037037037,0.8311635354278895,"{'classifier__learning_rate': 0.1, 'classifier__n_estimators': 50}"
5,XGBoost,0.558389928096229,0.8356643356643356,0.7779720279720279,0.7755102040816326,0.8636363636363636,0.6923076923076923,0.7037037037037037,0.8534565191815289,"{'classifier__learning_rate': 0.1, 'classifier__n_estimators': 50}"
5,CatBoost,0.5104895104895105,0.8513986013986015,0.7552447552447552,0.75,0.8181818181818182,0.6923076923076923,0.6923076923076923,0.864251780810323,"{'classifier__depth': 4, 'classifier__learning_rate': 0.01}"
6,LR_ElasticNet,0.5501491185025111,0.8344481605351171,0.7709030100334449,0.7441860465116279,0.6956521739130435,0.8461538461538461,0.8,0.8329081738097083,"{'classifier__C': 1.0, 'classifier__l1_ratio': 0.8}"
6,GNB,0.46694755428453877,0.7366220735785953,0.729933110367893,0.6976744186046512,0.6521739130434783,0.8076923076923077,0.75,0.6998424740917235,default
6,LDA,0.5104206594028771,0.8277591973244146,0.7491638795986622,0.7142857142857143,0.6521739130434783,0.8461538461538461,0.7894736842105263,0.8187980381344226,default
6,RF,0.47087020703483623,0.8260869565217391,0.7274247491638797,0.6829268292682927,0.6086956521739131,0.8461538461538461,0.7777777777777778,0.8259798352139178,"{'classifier__max_depth': 5, 'classifier__n_estimators': 100}"
6,LightGBM,0.4787234776307338,0.794314381270903,0.7249163879598661,0.6666666666666666,0.5652173913043478,0.8846153846153846,0.8125,0.784869888111272,"{'classifier__learning_rate': 0.01, 'classifier__n_estimators': 100}"
6,XGBoost,0.39152105977234736,0.7759197324414716,0.6839464882943144,0.6153846153846154,0.5217391304347826,0.8461538461538461,0.75,0.793331535583287,"{'classifier__learning_rate': 0.1, 'classifier__n_estimators': 50}"
6,CatBoost,0.3860443241498841,0.7642140468227425,0.6864548494983278,0.6341463414634146,0.5652173913043478,0.8076923076923077,0.7222222222222222,0.7667547592646912,"{'classifier__depth': 6, 'classifier__learning_rate': 0.01}"
6,LR_ElasticNet,0.959403223600247,0.9882154882154881,0.9772727272727273,0.9767441860465116,0.9545454545454546,1.0,1.0,0.9890282131661442,"{'classifier__C': 1.0, 'classifier__l1_ratio': 0.2}"
6,GNB,0.7496274085146727,0.9949494949494949,0.8703703703703703,0.8627450980392157,1.0,0.7407407407407407,0.7586206896551724,0.9941460055096417,default
6,LDA,0.9199972740861891,0.9966329966329966,0.9545454545454546,0.9523809523809523,0.9090909090909091,1.0,1.0,0.9962121212121212,default
6,RF,0.8365160399561461,0.9882154882154883,0.9132996632996633,0.9047619047619048,0.8636363636363636,0.9629629629629629,0.95,0.98735187371551,"{'classifier__max_depth': 5, 'classifier__n_estimators': 200}"
6,LightGBM,0.881630720467888,0.9915824915824917,0.9318181818181819,0.926829268292683,0.8636363636363636,1.0,1.0,0.9915824915824915,"{'classifier__learning_rate': 0.01, 'classifier__n_estimators': 100}"
6,XGBoost,0.7974203787467837,0.9696969696969697,0.8905723905723906,0.8780487804878049,0.8181818181818182,0.9629629629629629,0.9473684210526315,0.9631747619666738,"{'classifier__learning_rate': 0.01, 'classifier__n_estimators': 100}"
6,CatBoost,0.9199972740861891,0.9932659932659932,0.9545454545454546,0.9523809523809523,0.9090909090909091,1.0,1.0,0.9924793388429752,"{'classifier__depth': 4, 'classifier__learning_rate': 0.01}"
6,LR_ElasticNet,0.7901744265512675,0.9493006993006994,0.8933566433566433,0.8837209302325582,0.8636363636363636,0.9230769230769231,0.9047619047619048,0.9488530057521051,"{'classifier__C': 1.0, 'classifier__l1_ratio': 0.5}"
6,GNB,0.7491587023046328,0.9283216783216783,0.8706293706293706,0.8571428571428571,0.8181818181818182,0.9230769230769231,0.9,0.9317068747149082,default
6,LDA,0.7482517482517482,0.9423076923076923,0.8741258741258742,0.8636363636363636,0.8636363636363636,0.8846153846153846,0.8636363636363636,0.946376271256654,default
6,RF,0.6643356643356644,0.9423076923076923,0.8321678321678322,0.8181818181818182,0.8181818181818182,0.8461538461538461,0.8181818181818182,0.9450429816141891,"{'classifier__max_depth': 5, 'classifier__n_estimators': 100}"
6,LightGBM,0.6234393788445528,0.8986013986013985,0.8059440559440559,0.7804878048780488,0.7272727272727273,0.8846153846153846,0.8421052631578947,0.886494439826101,"{'classifier__learning_rate': 0.01, 'classifier__n_estimators': 100}"
6,XGBoost,0.5804195804195804,0.8758741258741259,0.7902097902097902,0.7727272727272727,0.7727272727272727,0.8076923076923077,0.7727272727272727,0.8829937991301628,"{'classifier__learning_rate': 0.1, 'classifier__n_estimators': 50}"
6,CatBoost,0.6643356643356644,0.916083916083916,0.8321678321678322,0.8181818181818182,0.8181818181818182,0.8461538461538461,0.8181818181818182,0.9179917866302592,"{'classifier__depth': 6, 'classifier__learning_rate': 0.01}"
6,LR_ElasticNet,0.6643482831758064,0.9265734265734266,0.8286713286713286,0.8095238095238095,0.7727272727272727,0.8846153846153846,0.85,0.9264292630114653,"{'classifier__C': 0.1, 'classifier__l1_ratio': 0.2}"
6,GNB,0.6590644862070987,0.923076923076923,0.8234265734265734,0.8235294117647058,0.9545454545454546,0.6923076923076923,0.7241379310344828,0.9065580717793637,default
6,LDA,0.6643482831758064,0.9388111888111889,0.8286713286713286,0.8095238095238095,0.7727272727272727,0.8846153846153846,0.85,0.9383913951621954,default
6,RF,0.7079361616697484,0.9134615384615384,0.8548951048951049,0.8444444444444444,0.8636363636363636,0.8461538461538461,0.8260869565217391,0.9200331926398541,"{'classifier__max_depth': 10, 'classifier__n_estimators': 100}"
6,LightGBM,0.5804195804195804,0.8986013986013986,0.7902097902097902,0.7727272727272727,0.7727272727272727,0.8076923076923077,0.7727272727272727,0.9090153718830187,"{'classifier__learning_rate': 0.1, 'classifier__n_estimators': 50}"
6,XGBoost,0.7058891543857989,0.8916083916083917,0.8513986013986015,0.8372093023255814,0.8181818181818182,0.8846153846153846,0.8571428571428571,0.9104653078993297,"{'classifier__learning_rate': 0.1, 'classifier__n_estimators': 50}"
6,CatBoost,0.6643356643356644,0.9038461538461539,0.8321678321678322,0.8181818181818182,0.8181818181818182,0.8461538461538461,0.8181818181818182,0.9115095218818617,"{'classifier__depth': 4, 'classifier__learning_rate': 0.01}"
6,LR_ElasticNet,0.46382024385259374,0.8111888111888113,0.7325174825174825,0.723404255319149,0.7727272727272727,0.6923076923076923,0.68,0.7915301111323838,"{'classifier__C': 1.0, 'classifier__l1_ratio': 0.8}"
6,GNB,0.1943250826893887,0.7604895104895105,0.5944055944055944,0.6153846153846154,0.7272727272727273,0.46153846153846156,0.5333333333333333,0.8165371568597972,default
6,LDA,0.40991702578932737,0.7867132867132868,0.7027972027972028,0.6666666666666666,0.6363636363636364,0.7692307692307693,0.7,0.7807521552914822,default
6,RF,0.2964264716351163,0.7727272727272728,0.6486013986013985,0.6382978723404256,0.6818181818181818,0.6153846153846154,0.6,0.8015760676400363,"{'classifier__max_depth': 5, 'classifier__n_estimators': 200}"
6,LightGBM,0.4381871654989361,0.8146853146853147,0.7167832167832169,0.72,0.8181818181818182,0.6153846153846154,0.6428571428571429,0.785940595480195,"{'classifier__learning_rate': 0.1, 'classifier__n_estimators': 50}"
6,XGBoost,0.47410465593076045,0.8146853146853147,0.736013986013986,0.7346938775510204,0.8181818181818182,0.6538461538461539,0.6666666666666666,0.8182591691841163,"{'classifier__learning_rate': 0.1, 'classifier__n_estimators': 100}"
6,CatBoost,0.47410465593076045,0.8076923076923077,0.736013986013986,0.7346938775510204,0.8181818181818182,0.6538461538461539,0.6666666666666666,0.7957867194494004,"{'classifier__depth': 4, 'classifier__learning_rate': 0.01}"
7,LR_ElasticNet,0.678277117864226,0.8979933110367893,0.8311036789297659,0.8095238095238095,0.7391304347826086,0.9230769230769231,0.8947368421052632,0.91340618153278,"{'classifier__C': 0.1, 'classifier__l1_ratio': 0.2}"
7,GNB,0.5666305975798628,0.9130434782608696,0.7809364548494984,0.7843137254901961,0.8695652173913043,0.6923076923076923,0.7142857142857143,0.9206168392632769,default
7,LDA,0.7253478556896926,0.9113712374581939,0.850334448160535,0.8292682926829268,0.7391304347826086,0.9615384615384616,0.9444444444444444,0.9249890445024496,default
7,RF,0.6405219728047404,0.8795986622073578,0.8093645484949833,0.7804878048780488,0.6956521739130435,0.9230769230769231,0.8888888888888888,0.8923173735530425,"{'classifier__max_depth': 5, 'classifier__n_estimators': 100}"
7,LightGBM,0.6405219728047404,0.899665551839465,0.8093645484949833,0.7804878048780488,0.6956521739130435,0.9230769230769231,0.8888888888888888,0.8944690606127195,"{'classifier__learning_rate': 0.1, 'classifier__n_estimators': 50}"
7,XGBoost,0.6333506827204834,0.8745819397993312,0.8118729096989966,0.7906976744186046,0.7391304347826086,0.8846153846153846,0.85,0.8849574125013444,"{'classifier__learning_rate': 0.1, 'classifier__n_estimators': 50}"
7,CatBoost,0.6405219728047404,0.9046822742474916,0.8093645484949833,0.7804878048780488,0.6956521739130435,0.9230769230769231,0.8888888888888888,0.915693074563424,"{'classifier__depth': 4, 'classifier__learning_rate': 0.01}"
7,LR_ElasticNet,0.5875420875420876,0.8838383838383839,0.7937710437710437,0.7727272727272727,0.7727272727272727,0.8148148148148148,0.7727272727272727,0.8738383711050608,"{'classifier__C': 1.0, 'classifier__l1_ratio': 0.8}"
7,GNB,0.517613914014598,0.8838383838383839,0.7508417508417509,0.7547169811320755,0.9090909090909091,0.5925925925925926,0.6451612903225806,0.8520901992822768,default
7,LDA,0.5875420875420876,0.8838383838383839,0.7937710437710437,0.7727272727272727,0.7727272727272727,0.8148148148148148,0.7727272727272727,0.8816228651508893,default
7,RF,0.5448462751310045,0.8973063973063973,0.771043771043771,0.7441860465116279,0.7272727272727273,0.8148148148148148,0.7619047619047619,0.8818725105265567,"{'classifier__max_depth': 5, 'classifier__n_estimators': 200}"
7,LightGBM,0.5050505050505051,0.8552188552188552,0.7525252525252526,0.7272727272727273,0.7272727272727273,0.7777777777777778,0.7272727272727273,0.8292192967792509,"{'classifier__learning_rate': 0.1, 'classifier__n_estimators': 50}"
7,XGBoost,0.46193488543715594,0.8282828282828283,0.7297979797979798,0.6976744186046512,0.6818181818181818,0.7777777777777778,0.7142857142857143,0.7868987181276131,"{'classifier__learning_rate': 0.1, 'classifier__n_estimators': 100}"
7,CatBoost,0.5025911034359737,0.8585858585858587,0.7483164983164983,0.7142857142857143,0.6818181818181818,0.8148148148148148,0.75,0.8306114323978375,"{'classifier__depth': 6, 'classifier__learning_rate': 0.01}"
7,LR_ElasticNet,0.6783216783216783,0.9073426573426573,0.8391608391608392,0.8333333333333334,0.9090909090909091,0.7692307692307693,0.7692307692307693,0.863512636747402,"{'classifier__C': 1.0, 'classifier__l1_ratio': 0.8}"
7,GNB,0.558389928096229,0.868006993006993,0.7779720279720279,0.7755102040816326,0.8636363636363636,0.6923076923076923,0.7037037037037037,0.7827309462091385,default
7,LDA,0.7149109021788099,0.9038461538461539,0.8583916083916083,0.851063829787234,0.9090909090909091,0.8076923076923077,0.8,0.863255060686922,default
7,RF,0.6689936080056726,0.9108391608391608,0.8356643356643356,0.8260869565217391,0.8636363636363636,0.8076923076923077,0.7916666666666666,0.8787241992644227,"{'classifier__max_depth': 5, 'classifier__n_estimators': 100}"
7,LightGBM,0.5373186100548619,0.8513986013986015,0.7674825174825175,0.7441860465116279,0.7272727272727273,0.8076923076923077,0.7619047619047619,0.8275809929430109,"{'classifier__learning_rate': 0.1, 'classifier__n_estimators': 50}"
7,XGBoost,0.7058891543857989,0.8933566433566434,0.8513986013986015,0.8372093023255814,0.8181818181818182,0.8846153846153846,0.8571428571428571,0.8703619879184827,"{'classifier__learning_rate': 0.1, 'classifier__n_estimators': 100}"
7,CatBoost,0.6312140160700712,0.8933566433566433,0.8164335664335665,0.8085106382978723,0.8636363636363636,0.7692307692307693,0.76,0.8554145587268689,"{'classifier__depth': 4, 'classifier__learning_rate': 0.01}"
7,LR_ElasticNet,0.6216038822203304,0.8793706293706295,0.8094405594405594,0.7906976744186046,0.7727272727272727,0.8461538461538461,0.8095238095238095,0.8845070294980583,"{'classifier__C': 1.0, 'classifier__l1_ratio': 0.2}"
7,GNB,0.57953786404698,0.8601398601398602,0.7867132867132867,0.7619047619047619,0.7272727272727273,0.8461538461538461,0.8,0.8634146297458991,default
7,LDA,0.5379391211744428,0.861888111888112,0.763986013986014,0.7317073170731707,0.6818181818181818,0.8461538461538461,0.7894736842105263,0.874241329156485,default
7,RF,0.45243886350433266,0.833916083916084,0.7220279720279721,0.6829268292682927,0.6363636363636364,0.8076923076923077,0.7368421052631579,0.8280684358137013,"{'classifier__max_depth': 10, 'classifier__n_estimators': 100}"
7,LightGBM,0.4965034965034965,0.8653846153846154,0.7482517482517483,0.7272727272727273,0.7272727272727273,0.7692307692307693,0.7272727272727273,0.8745927968296388,"{'classifier__learning_rate': 0.1, 'classifier__n_estimators': 50}"
7,XGBoost,0.2844627935584563,0.8216783216783218,0.6416083916083917,0.6046511627906976,0.5909090909090909,0.6923076923076923,0.6190476190476191,0.8357535890553096,"{'classifier__learning_rate': 0.1, 'classifier__n_estimators': 100}"
7,CatBoost,0.40991702578932737,0.8479020979020979,0.7027972027972028,0.6666666666666666,0.6363636363636364,0.7692307692307693,0.7,0.8582092512426382,"{'classifier__depth': 6, 'classifier__learning_rate': 0.01}"
7,LR_ElasticNet,0.7176172998042787,0.9020979020979021,0.8444055944055944,0.8205128205128205,0.7272727272727273,0.9615384615384616,0.9411764705882353,0.9172601142036878,"{'classifier__C': 0.1, 'classifier__l1_ratio': 0.2}"
7,GNB,0.47304991679126607,0.9213286713286714,0.7237762237762237,0.7407407407407407,0.9090909090909091,0.5384615384615384,0.625,0.9290833732809435,default
7,LDA,0.6693419514856722,0.9055944055944056,0.8251748251748252,0.8,0.7272727272727273,0.9230769230769231,0.8888888888888888,0.9208630892389207,default
7,RF,0.57953786404698,0.8951048951048951,0.7867132867132867,0.7619047619047619,0.7272727272727273,0.8461538461538461,0.8,0.9087735431565356,"{'classifier__max_depth': 5, 'classifier__n_estimators': 200}"
7,LightGBM,0.7901744265512675,0.9020979020979021,0.8933566433566433,0.8837209302325582,0.8636363636363636,0.9230769230769231,0.9047619047619048,0.9223402881297619,"{'classifier__learning_rate': 0.1, 'classifier__n_estimators': 50}"
7,XGBoost,0.7491587023046328,0.9160839160839161,0.8706293706293706,0.8571428571428571,0.8181818181818182,0.9230769230769231,0.9,0.9304233558152053,"{'classifier__learning_rate': 0.01, 'classifier__n_estimators': 100}"
7,CatBoost,0.7058891543857989,0.9038461538461539,0.8513986013986015,0.8372093023255814,0.8181818181818182,0.8846153846153846,0.8571428571428571,0.9156470418105565,"{'classifier__depth': 6, 'classifier__learning_rate': 0.1}"
8,LR_ElasticNet,0.8381410922535469,0.9632107023411371,0.9155518394648829,0.9090909090909091,0.8695652173913043,0.9615384615384616,0.9523809523809523,0.9580829503763787,"{'classifier__C': 0.1, 'classifier__l1_ratio': 0.2}"
8,GNB,0.5948496901286525,0.9414715719063546,0.7692307692307692,0.7931034482758621,1.0,0.5384615384615384,0.6571428571428571,0.9410494819573527,default
8,LDA,0.8381410922535469,0.959866220735786,0.9155518394648829,0.9090909090909091,0.8695652173913043,0.9615384615384616,0.9523809523809523,0.9589734764001445,default
8,RF,0.8775217193155135,0.959866220735786,0.9372909698996655,0.9333333333333333,0.9130434782608695,0.9615384615384616,0.9545454545454546,0.9599842593579974,"{'classifier__max_depth': 5, 'classifier__n_estimators': 200}"
8,LightGBM,0.8381410922535469,0.9448160535117056,0.9155518394648829,0.9090909090909091,0.8695652173913043,0.9615384615384616,0.9523809523809523,0.9544528583918137,"{'classifier__learning_rate': 0.01, 'classifier__n_estimators': 100}"
8,XGBoost,0.7997538111564282,0.963210702341137,0.8938127090301003,0.8837209302325582,0.8260869565217391,0.9615384615384616,0.95,0.9691911349520043,"{'classifier__learning_rate': 0.01, 'classifier__n_estimators': 100}"
8,CatBoost,0.8781314407318439,0.9648829431438127,0.939799331103679,0.9361702127659575,0.9565217391304348,0.9230769230769231,0.9166666666666666,0.968176482772338,"{'classifier__depth': 6, 'classifier__learning_rate': 0.01}"
8,LR_ElasticNet,0.6695535716960599,0.893939393939394,0.8308080808080808,0.8095238095238095,0.7727272727272727,0.8888888888888888,0.85,0.8909531696764317,"{'classifier__C': 1.0, 'classifier__l1_ratio': 0.8}"
8,GNB,0.7132100370256794,0.8653198653198654,0.8493265993265993,0.8292682926829268,0.7727272727272727,0.9259259259259259,0.8947368421052632,0.7963947851254354,default
8,LDA,0.6739402638847786,0.8905723905723906,0.8265993265993266,0.8,0.7272727272727273,0.9259259259259259,0.8888888888888888,0.8846811716939074,default
8,RF,0.5875420875420876,0.9074074074074073,0.7937710437710437,0.7727272727272727,0.7727272727272727,0.8148148148148148,0.7727272727272727,0.9064582946408929,"{'classifier__max_depth': None, 'classifier__n_estimators': 200}"
8,LightGBM,0.67003367003367,0.8922558922558923,0.835016835016835,0.8181818181818182,0.8181818181818182,0.8518518518518519,0.8181818181818182,0.8964873533758981,"{'classifier__learning_rate': 0.1, 'classifier__n_estimators': 50}"
8,XGBoost,0.5486608072966978,0.8602693602693603,0.7752525252525253,0.7555555555555555,0.7727272727272727,0.7777777777777778,0.7391304347826086,0.8533449284596553,"{'classifier__learning_rate': 0.1, 'classifier__n_estimators': 100}"
8,CatBoost,0.6308760353014017,0.8754208754208754,0.8164983164983165,0.8,0.8181818181818182,0.8148148148148148,0.782608695652174,0.8668254634744985,"{'classifier__depth': 4, 'classifier__learning_rate': 0.01}"
8,LR_ElasticNet,0.45243886350433266,0.8618881118881119,0.7220279720279721,0.6829268292682927,0.6363636363636364,0.8076923076923077,0.7368421052631579,0.8724282031100212,"{'classifier__C': 1.0, 'classifier__l1_ratio': 0.8}"
8,GNB,0.38012335774385503,0.8041958041958042,0.6905594405594406,0.6808510638297872,0.7272727272727273,0.6538461538461539,0.64,0.8298333921738356,default
8,LDA,0.5427663841159265,0.8374125874125875,0.7604895104895104,0.717948717948718,0.6363636363636364,0.8846153846153846,0.8235294117647058,0.8608036251898145,default
8,RF,0.40991702578932737,0.8566433566433567,0.7027972027972028,0.6666666666666666,0.6363636363636364,0.7692307692307693,0.7,0.8641869775871892,"{'classifier__max_depth': 5, 'classifier__n_estimators': 100}"
8,LightGBM,0.45243886350433266,0.8111888111888113,0.7220279720279721,0.6829268292682927,0.6363636363636364,0.8076923076923077,0.7368421052631579,0.8231494909635422,"{'classifier__learning_rate': 0.1, 'classifier__n_estimators': 100}"
8,XGBoost,0.4530333378893933,0.8251748251748251,0.7255244755244755,0.6976744186046512,0.6818181818181818,0.7692307692307693,0.7142857142857143,0.8364651099856111,"{'classifier__learning_rate': 0.1, 'classifier__n_estimators': 100}"
8,CatBoost,0.40991702578932737,0.8356643356643356,0.7027972027972028,0.6666666666666666,0.6363636363636364,0.7692307692307693,0.7,0.8363236818274247,"{'classifier__depth': 6, 'classifier__learning_rate': 0.01}"
8,LR_ElasticNet,0.708939636514663,0.9440559440559441,0.8479020979020979,0.8292682926829268,0.7727272727272727,0.9230769230769231,0.8947368421052632,0.9310198318094649,"{'classifier__C': 0.1, 'classifier__l1_ratio': 0.2}"
8,GNB,0.5902679811685199,0.9248251748251748,0.7692307692307692,0.7857142857142857,1.0,0.5384615384615384,0.6470588235294118,0.9004490324600825,default
8,LDA,0.7482517482517482,0.9545454545454546,0.8741258741258742,0.8636363636363636,0.8636363636363636,0.8846153846153846,0.8636363636363636,0.9468594755101423,default
8,RF,0.6643482831758064,0.951048951048951,0.8286713286713286,0.8095238095238095,0.7727272727272727,0.8846153846153846,0.85,0.9451237080806408,"{'classifier__max_depth': 5, 'classifier__n_estimators': 200}"
8,LightGBM,0.7176172998042787,0.951048951048951,0.8444055944055944,0.8205128205128205,0.7272727272727273,0.9615384615384616,0.9411764705882353,0.955336038230775,"{'classifier__learning_rate': 0.01, 'classifier__n_estimators': 100}"
8,XGBoost,0.5379391211744428,0.8583916083916084,0.763986013986014,0.7317073170731707,0.6818181818181818,0.8461538461538461,0.7894736842105263,0.872010893589841,"{'classifier__learning_rate': 0.01, 'classifier__n_estimators': 100}"
8,CatBoost,0.7058891543857989,0.9405594405594406,0.8513986013986015,0.8372093023255814,0.8181818181818182,0.8846153846153846,0.8571428571428571,0.9249488743898857,"{'classifier__depth': 4, 'classifier__learning_rate': 0.01}"
8,LR_ElasticNet,0.5373186100548619,0.8391608391608392,0.7674825174825175,0.7441860465116279,0.7272727272727273,0.8076923076923077,0.7619047619047619,0.7817219832694389,"{'classifier__C': 1.0, 'classifier__l1_ratio': 0.2}"
8,GNB,0.6216038822203304,0.8601398601398601,0.8094405594405594,0.7906976744186046,0.7727272727272727,0.8461538461538461,0.8095238095238095,0.834835355310821,default
8,LDA,0.5373186100548619,0.8461538461538463,0.7674825174825175,0.7441860465116279,0.7272727272727273,0.8076923076923077,0.7619047619047619,0.7846487512977864,default
8,RF,0.45243886350433266,0.826923076923077,0.7220279720279721,0.6829268292682927,0.6363636363636364,0.8076923076923077,0.7368421052631579,0.7830326949674195,"{'classifier__max_depth': 5, 'classifier__n_estimators': 100}"
8,LightGBM,0.4947274449181537,0.8234265734265734,0.7447552447552448,0.7142857142857143,0.6818181818181818,0.8076923076923077,0.75,0.7848117865497545,"{'classifier__learning_rate': 0.1, 'classifier__n_estimators': 50}"
8,XGBoost,0.45243886350433266,0.8216783216783217,0.7220279720279721,0.6829268292682927,0.6363636363636364,0.8076923076923077,0.7368421052631579,0.8016766158355324,"{'classifier__learning_rate': 0.1, 'classifier__n_estimators': 50}"
8,CatBoost,0.4965034965034965,0.8251748251748251,0.7482517482517483,0.7272727272727273,0.7272727272727273,0.7692307692307693,0.7272727272727273,0.7916324029047388,"{'classifier__depth': 4, 'classifier__learning_rate': 0.01}"
9,LR_ElasticNet,0.5501491185025111,0.87123745819398,0.7709030100334449,0.7441860465116279,0.6956521739130435,0.8461538461538461,0.8,0.8306525199700439,"{'classifier__C': 0.1, 'classifier__l1_ratio': 0.5}"
9,GNB,0.6333506827204834,0.8862876254180603,0.8118729096989966,0.7906976744186046,0.7391304347826086,0.8846153846153846,0.85,0.7939543079450875,default
9,LDA,0.5501491185025111,0.8545150501672241,0.7709030100334449,0.7441860465116279,0.6956521739130435,0.8461538461538461,0.8,0.8197814769982963,default
9,RF,0.590240205812357,0.8561872909698997,0.7926421404682273,0.7727272727272727,0.7391304347826086,0.8461538461538461,0.8095238095238095,0.8180645281087513,"{'classifier__max_depth': 5, 'classifier__n_estimators': 200}"
9,LightGBM,0.42642140468227424,0.8386287625418061,0.7132107023411371,0.6956521739130435,0.6956521739130435,0.7307692307692307,0.6956521739130435,0.7656826893424344,"{'classifier__learning_rate': 0.01, 'classifier__n_estimators': 100}"
9,XGBoost,0.5104206594028771,0.8545150501672241,0.7491638795986622,0.7142857142857143,0.6521739130434783,0.8461538461538461,0.7894736842105263,0.8518765562912413,"{'classifier__learning_rate': 0.01, 'classifier__n_estimators': 100}"
9,CatBoost,0.46694755428453877,0.8244147157190636,0.729933110367893,0.6976744186046512,0.6521739130434783,0.8076923076923077,0.75,0.8204167060873173,"{'classifier__depth': 6, 'classifier__learning_rate': 0.01}"
9,LR_ElasticNet,0.7974203787467837,0.968013468013468,0.8905723905723906,0.8780487804878049,0.8181818181818182,0.9629629629629629,0.9473684210526315,0.9597269149812775,"{'classifier__C': 1.0, 'classifier__l1_ratio': 0.8}"
9,GNB,0.8365160399561461,0.9562289562289563,0.9132996632996633,0.9047619047619048,0.8636363636363636,0.9629629629629629,0.95,0.9549772271782301,default
9,LDA,0.7974203787467837,0.9713804713804715,0.8905723905723906,0.8780487804878049,0.8181818181818182,0.9629629629629629,0.9473684210526315,0.9631631756902654,default
9,RF,0.6695535716960599,0.9410774410774412,0.8308080808080808,0.8095238095238095,0.7727272727272727,0.8888888888888888,0.85,0.9413907851407851,"{'classifier__max_depth': 10, 'classifier__n_estimators': 100}"
9,LightGBM,0.7590512765918769,0.9276094276094277,0.8678451178451179,0.85,0.7727272727272727,0.9629629629629629,0.9444444444444444,0.9295040221273795,"{'classifier__learning_rate': 0.1, 'classifier__n_estimators': 50}"
9,XGBoost,0.7106690545187014,0.930976430976431,0.8535353535353536,0.8372093023255814,0.8181818181818182,0.8888888888888888,0.8571428571428571,0.9393076169373504,"{'classifier__learning_rate': 0.1, 'classifier__n_estimators': 50}"
9,CatBoost,0.6350596644266268,0.9242424242424243,0.8038720538720538,0.7692307692307693,0.6818181818181818,0.9259259259259259,0.8823529411764706,0.9262102883734251,"{'classifier__depth': 6, 'classifier__learning_rate': 0.01}"
9,LR_ElasticNet,0.6693419514856722,0.8671328671328672,0.8251748251748252,0.8,0.7272727272727273,0.9230769230769231,0.8888888888888888,0.9008441482953224,"{'classifier__C': 1.0, 'classifier__l1_ratio': 0.2}"
9,GNB,0.2069593385961789,0.7832167832167831,0.5979020979020979,0.6296296296296297,0.7727272727272727,0.4230769230769231,0.53125,0.7990758622198559,default
9,LDA,0.6234393788445528,0.8636363636363638,0.8059440559440559,0.7804878048780488,0.7272727272727273,0.8846153846153846,0.8421052631578947,0.893632152814048,default
9,RF,0.4947274449181537,0.8347902097902098,0.7447552447552448,0.7142857142857143,0.6818181818181818,0.8076923076923077,0.75,0.8643269318308262,"{'classifier__max_depth': None, 'classifier__n_estimators': 200}"
9,LightGBM,0.5104895104895105,0.8444055944055944,0.7552447552447552,0.75,0.8181818181818182,0.6923076923076923,0.6923076923076923,0.8719537149857517,"{'classifier__learning_rate': 0.1, 'classifier__n_estimators': 100}"
9,XGBoost,0.4181210050035454,0.8216783216783217,0.7097902097902098,0.6956521739130435,0.7272727272727273,0.6923076923076923,0.6666666666666666,0.8519373456704101,"{'classifier__learning_rate': 0.1, 'classifier__n_estimators': 100}"
9,CatBoost,0.4965034965034965,0.8426573426573426,0.7482517482517483,0.7272727272727273,0.7272727272727273,0.7692307692307693,0.7272727272727273,0.8761483353201619,"{'classifier__depth': 6, 'classifier__learning_rate': 0.01}"
9,LR_ElasticNet,0.7557086549031783,0.9038461538461539,0.8671328671328671,0.85,0.7727272727272727,0.9615384615384616,0.9444444444444444,0.9191582137905667,"{'classifier__C': 1.0, 'classifier__l1_ratio': 0.8}"
9,GNB,0.5229975846277625,0.8881118881118881,0.7587412587412588,0.76,0.8636363636363636,0.6538461538461539,0.6785714285714286,0.9145173116655207,default
9,LDA,0.680009255387445,0.8916083916083916,0.8216783216783217,0.7894736842105263,0.6818181818181818,0.9615384615384616,0.9375,0.9177401622477923,default
9,RF,0.680009255387445,0.9125874125874126,0.8216783216783217,0.7894736842105263,0.6818181818181818,0.9615384615384616,0.9375,0.9213682998873614,"{'classifier__max_depth': 5, 'classifier__n_estimators': 100}"
9,LightGBM,0.708939636514663,0.9038461538461539,0.8479020979020979,0.8292682926829268,0.7727272727272727,0.9230769230769231,0.8947368421052632,0.9104372721492058,"{'classifier__learning_rate': 0.1, 'classifier__n_estimators': 50}"
9,XGBoost,0.6234393788445528,0.8916083916083917,0.8059440559440559,0.7804878048780488,0.7272727272727273,0.8846153846153846,0.8421052631578947,0.8999192602375804,"{'classifier__learning_rate': 0.1, 'classifier__n_estimators': 100}"
9,CatBoost,0.6643482831758064,0.9055944055944055,0.8286713286713286,0.8095238095238095,0.7727272727272727,0.8846153846153846,0.85,0.9139616256148041,"{'classifier__depth': 4, 'classifier__learning_rate': 0.01}"
9,LR_ElasticNet,0.5017452060042544,0.8671328671328672,0.7517482517482517,0.7391304347826086,0.7727272727272727,0.7307692307692307,0.7083333333333334,0.8775360017681589,"{'classifier__C': 10.0, 'classifier__l1_ratio': 0.2}"
9,GNB,0.37243448605057256,0.8374125874125874,0.666083916083916,0.7017543859649122,0.9090909090909091,0.4230769230769231,0.5714285714285714,0.8405651064453833,default
9,LDA,0.5944055944055944,0.8723776223776224,0.7972027972027972,0.7916666666666666,0.8636363636363636,0.7307692307692307,0.7307692307692307,0.891116144758283,default
9,RF,0.5735642285369886,0.8391608391608392,0.7814685314685315,0.7843137254901961,0.9090909090909091,0.6538461538461539,0.6896551724137931,0.8515033172778466,"{'classifier__max_depth': 5, 'classifier__n_estimators': 100}"
9,LightGBM,0.4530333378893933,0.8094405594405594,0.7255244755244755,0.6976744186046512,0.6818181818181818,0.7692307692307693,0.7142857142857143,0.8065749231975448,"{'classifier__learning_rate': 0.01, 'classifier__n_estimators': 100}"
9,XGBoost,0.5104895104895105,0.7797202797202798,0.7552447552447552,0.75,0.8181818181818182,0.6923076923076923,0.6923076923076923,0.7379303887131211,"{'classifier__learning_rate': 0.01, 'classifier__n_estimators': 50}"
9,CatBoost,0.6078080037565888,0.8461538461538461,0.8006993006993006,0.8,0.9090909090909091,0.6923076923076923,0.7142857142857143,0.8611197521935844,"{'classifier__depth': 6, 'classifier__learning_rate': 0.01}"
